loop,key,bpm,opener,answer,turn,ending,bass,bass rhythm
01,D,142,O01,A16,T03,E03,B5 PEDAL,held
02,B,150,O10,A05,T07,E04,B1 VI,held
03,F#,140,O06,A12,T01,E01,B3 iv,808
04,A#,138,O02,A03,T05,E04,B3 iv,held
05,F,150,O04,A12,T03,E03,B5 PEDAL,808
06,E,150,O05,A07,T01,E07,B5 PEDAL,held
07,A#,150,O13,A04,T08,E06,B1 VI,held
08,F,140,O15,A13,T04,E01,B3 iv,held
09,E,140,O07,A02,T07,E01,B5 PEDAL,held
10,C#,140,O04,A07,T09,E07,B2 VII,held
11,F#,144,O18,A10,T10,E03,B4 III,held
12,D,138,O16,A07,T10,E04,B4 III,held
13,C,150,O13,A07,T06,E06,B2 VII,held
14,D,148,O14,A03,T03,E03,B5 PEDAL,held
15,D,136,O03,A05,T09,E05,B5 PEDAL,held
16,C#,150,O06,A10,T09,E04,B4 III,held
17,G,140,O08,A03,T02,E01,B4 III,held
18,C,140,O07,A09,T07,E01,B1 VI,held
19,C#,142,O15,A02,T03,E05,B5 PEDAL,held
20,F,146,O16,A07,T02,E06,B5 PEDAL,held
21,G,150,O05,A07,T02,E07,B4 III,held
22,B,146,O16,A07,T02,E02,B4 III,held
23,D#,146,O04,A12,T03,E05,B3 iv,held
24,B,144,O09,A07,T09,E06,B2 VII,held
25,G#,146,O08,A08,T02,E03,B5 PEDAL,held
26,F#,142,O15,A14,T06,E07,B2 VII,held
27,C,144,O17,A11,T09,E06,B2 VII,held
28,F,150,O18,A08,T02,E06,B4 III,808
29,D#,150,O14,A04,T01,E02,B3 iv,held
30,A,136,O19,A11,T06,E04,B2 VII,808
